	 LAST NAME  	 FIRST NAME 	                   EMAIL                    	  ZIPCODE   	    CITY    	   STATE    	                ADDRESS                 	   PHONE    
	    hoy     	    john    	         xhnebenz@jumpstartlab.com          	   78705    	   Austin   	     TX     	         300 E 30th St Apt 304          	 5126732000 
	 dayananda  	    john    	       kyllacamerak@jumpstartlab.com        	   40206    	 Louisville 	     KY     	             513 Emery Rd.              	 5027410000 
	    dowd    	    john    	       sellistarena@jumpstartlab.com        	   16142    	New Wilmington	     PA     	           203 E. Neshannock            	 7243443000 
	  buckner   	    john    	         hhrosl08@jumpstartlab.com          	   27514    	Chapel Hill 	     NC     	           101 Stadium Drive            	 9193895000 
	   bishop   	    john    	         dpichard@jumpstartlab.com          	   13323    	  Clinton   	     NY     	         198 College Hill Road          	 9085280000 
	   cooray   	    john    	         emcallum@jumpstartlab.com          	   45701    	   athens   	     OH     	    46 East Green Street (Room 449)     	 4402219000 
	   huber    	    john    	          nileyd@jumpstartlab.com           	   21521    	 Cumberland 	     MD     	             60 Pershing St             	 3016897000 
	    hall    	    john    	        rmates6601@jumpstartlab.com         	   01602    	 Worcester  	     MA     	             266 Olean St.              	 5087521000 
	    klar    	    john    	          cyaison@jumpstartlab.com          	   53715    	  Madison   	     WI     	            1315 Bowen Court            	 6512141000 
	   honani   	    john    	         jtmiller@jumpstartlab.com          	   30322    	  Atlanta   	     GA     	           586 Asbury Crircle           	 2392468000 
	 mclaughlin 	    john    	         shrnisar@jumpstartlab.com          	   17837    	 lewisburg  	     PA     	         701 moore ave box 1207         	 9148821000 
	   white    	    john    	        jlex.vlasic@jumpstartlab.com        	   14850    	   Ithaca   	     NY     	              601 First St              	 3036532000 
	  dolstad   	    john    	       evff.bessette@jumpstartlab.com       	   14051    	East Amherst	     NY     	            8345 Clarnew Dr.            	 7164001000 
	   wikler   	    john    	           ick15@jumpstartlab.com           	   27104    	Winston Salem	     NC     	         510 Straffordshire Rd.         	 3365292000 
	  venegas   	    john    	         renielgr@jumpstartlab.com          	   14850    	   Ithaca   	     NY     	              881 Boswick               	 6075920000 
	 copenhaver 	    john    	         oteastes@jumpstartlab.com          	   11731    	East Northport	     NY     	             426 5th Street             	 6313576000 
	  bigwood   	    john    	       vpm.odonnell@jumpstartlab.com        	   24153    	   salem    	     VA     	            roanoke college             	 4042185000 
	  sharrow   	    john    	        gqix.haber@jumpstartlab.com         	   00000    	Johannesburg, South Africa	     PW     	         86 7th Ave, Melville,          	 000000000  
	     ng     	    john    	        gcrinemea77@jumpstartlab.com        	   95060    	 santa cruz 	     CA     	             1145 laurel st             	 000000000  
	   eller    	    john    	         hxshifle@jumpstartlab.com          	   08544    	 Princeton  	     NJ     	           1056 Frist Center            	 6092717000 
	   white    	    john    	         obtrinah@jumpstartlab.com          	   37916    	 Knoxville  	     TN     	        1714 Grand Ave. Apt. 124        	 6153375000 
	   cannon   	    john    	         fdmiller@jumpstartlab.com          	   28607    	   Boone    	     NC     	              College St.               	 9193575000 
	   tough    	    john    	          je_bro1@jumpstartlab.com          	   97330    	 Corvallis  	     OR     	       1250 NW 23rd Street Apt 8        	 5414303000 
	   kerner   	    john    	           jil6@jumpstartlab.com            	   08544    	 Princeton  	     NJ     	                 Frist                  	 5852011000 
	    fink    	    john    	          stiorio@jumpstartlab.com          	   20686    	St. Mary's City	     MD     	        16800 Point Lookout Rd.         	 3213215000 
	  mcmeekin  	    john    	     idnielsaintfelix@jumpstartlab.com      	   28804    	 asheville  	     NC     	            1 university hts            	 3362028000 
	   jahne    	    john    	          qyieff@jumpstartlab.com           	   20686    	st marys city	     MD     	         16800 Point lookout rd         	 5555555000 
	   regan    	    john    	        sfnghandong@jumpstartlab.com        	   02138    	 Cambridge  	     MA     	       1815 Harvard Yard Mail Ctr       	 2485354000 
	   freer    	    john    	         oynko1721@jumpstartlab.com         	   32303    	Tallahassee 	     FL     	            510 E. 7th Ave.             	 7579713000 
	  bicknell  	    john    	    lqhfksfklgKLJGRskj@jumpstartlab.com     	   32303    	Tallahassee 	     FL     	            510 E. 7th Ave.             	 7579713000 
	   jacobi   	    john    	       tyneskaroluk@jumpstartlab.com        	   23185    	Williamsburg	     VA     	             600 Ukrop Way              	 7036254000 
	  judkins   	    john    	         mjjones7@jumpstartlab.com          	   01824    	 Chelmsford 	     MA     	             25 Cathy Road              	 6172908000 
	 wasserman  	    john    	 flintessential_reflection@jumpstartlab.com 	   01267    	Williamstown	     MA     	              2437 Paresky              	 8283800000 
	   begay    	    john    	        anhevalier@jumpstartlab.com         	   22213    	 Arlington  	     VA     	         2515 N. Winchester St          	 7032315000 
	   rivera   	    john    	        wxma.jones@jumpstartlab.com         	   17815    	 Bloomsburg 	     PA     	          400 East Second St.           	 5706375000 
	   gassam   	    john    	        vmug.bojack@jumpstartlab.com        	   17815    	 Bloomsburg 	     PA     	          400 East Second St.           	 4843254000 
	    gans    	    john    	          kgtrano@jumpstartlab.com          	   28407    	 Wilmington 	     NC     	         UNCW Station CB# 20360         	 9195383000 
	   kidder   	    john    	           gmk1@jumpstartlab.com            	   23185    	Williamsburg	     VA     	      1203 Jamestown Road, Apt B4       	 5404470000 
	 gallagher  	    john    	       llarunchia001@jumpstartlab.com       	   11365    	Fresh Meadows	     NY     	             71-72 162ND ST             	 8459887000 
	   walker   	    john    	         uaazarus@jumpstartlab.com          	   05401    	 bulington  	     VT     	          203 south willard st          	 9732706000 
	  westwood  	    john    	       ngelacolwell@jumpstartlab.com        	   21218    	 Baltimore  	     MD     	           3301 n charles st.           	 6173650000 
	   asher    	    john    	           xlm2@jumpstartlab.com            	   02155    	  Medford   	     MA     	   328 Houston Hall, Tufts University   	 2164020000 
	 desanctis  	    john    	         vngallag@jumpstartlab.com          	   24501    	 Lynchburg  	     VA     	            1501 Lakeside Dr            	 3028587000 
	   loftis   	    john    	         jninr5467@jumpstartlab.com         	   28804    	 asheville  	     NC     	            1 university hts            	 3362028000 
	 macdonald  	    john    	          ejeliaT@jumpstartlab.com          	   37604    	JOhnson City	     TN     	           512 E Watauga Ave            	 8655851000 
	   raiho    	    john    	            gpn@jumpstartlab.com            	   04102    	  Portland  	     ME     	            272 Danforth St.            	 7183054000 
	    tuck    	    john    	         tbolkart@jumpstartlab.com          	   04901    	 Waterville 	     ME     	          7911 Mayflower Hill           	 7183054000 
	 popovitch  	    john    	         clorzana@jumpstartlab.com          	   02138    	 Cambridge  	     MA     	     1112 Harvard Yard Mail Center      	 7163927000 
	   catsos   	    john    	         vqlochowr@jumpstartlab.com         	   48823    	East Lansing	     MI     	              239 Oakhill               	 2313574000 
	   stork    	    john    	         pmilla10@jumpstartlab.com          	   50014    	    Ames    	     IA     	             303 Welch Ave              	 7128983000 
	 abdulkarim 	    john    	          iwbaugh@jumpstartlab.com          	   19149    	Philadelphia	     PA     	            1434 Elbridge St            	 2157434000 
	   dubose   	    john    	          leonia@jumpstartlab.com           	   15206    	 Pittsburgh 	     PA     	           140 Stratford Ave            	 7183054000 
	   zeller   	    john    	         eyudartj@jumpstartlab.com          	   20036    	 Washington 	     DC     	       1608 Rhode Island Ave, NW        	 8057662000 
	  farshchi  	    john    	        kjerations@jumpstartlab.com         	   26501    	 Morgantown 	     WV     	            8 1/2 Charleston            	 3042908000 
	    fox     	    john    	           lqn1@jumpstartlab.com            	   14260    	  Buffalo   	     NY     	350 Student Union, University at Buffalo	 7168689000 
	 alexander  	    john    	        ep.collier@jumpstartlab.com         	   49006    	 Kalamazoo  	     MI     	                Academy                 	 5128267000 
	 rosenkvist 	    john    	          qpancey@jumpstartlab.com          	   28403    	 Wilmington 	     NC     	                64654654                	 000000000  
	  corkins   	    john    	       kjya.courtney@jumpstartlab.com       	   04240    	  Lewiston  	     ME     	                 Bates                  	 9143204000 
	  kittner   	    john    	     vfvaruss_campbell@jumpstartlab.com     	   23185    	Williamsburg	     VA     	          CSU 3873 PO Box 8793          	 7038620000 
	   dyment   	    john    	         lqeisler@jumpstartlab.com          	   40741    	   London   	     KY     	          216 Johnson Addition          	 6068624000 
	 mceachern  	    john    	          lqorej8@jumpstartlab.com          	   10708    	 Bronxville 	     NY     	          1 Rivermere, Apt. 1B          	 9143251000 
	   wells    	    john    	       slnielleariel@jumpstartlab.com       	   14450    	  Fairport  	     NY     	            2 Vineyard Hill             	 5854512000 
	   dowley   	    john    	           bx14@jumpstartlab.com            	   94705    	  Berkeley  	     CA     	              2219 Ward St              	 5748505000 